contact_id	contact_text_truncated	fin_case_type	fin_issue_type	fin_reason	correct_case_type	correct_issue_type	correct_reason	verdict	reason_match	gap_type	gap_description	recommended_fix
215560986006194	Hello Team, Would you please check and confirm if any changes are needed from our end? **Thanks** **Harfouch** OSN-Internal OSN-Internal **From:** Alzain Wael AlOmar AlzainAlOmar@nbk.com **Sent:** 13	Accepting payments	Other		General	Performance	Other	wrong	n/a	missing_coverage	Contact is a forwarded third-party email (NBK MPGS Hosted Checkout API v100 upgrade notice) with no Checkout.com transaction signal. Fin sees 'Payment Gateway', 'API upgrade', 'Hosted Checkout' and routes to Accepting payments, but no issue type definition covers third-party gateway notifications, so it falls back to Other.	Add include_when to General → Inquiries: 'forwarded third-party gateway notices (MPGS, NBK, KNET, Cybersource) requesting confirmation that no action is required by Checkout'. Add exclude_when to Accepting payments → Performance: 'third-party gateway upgrade or migration notices not affecting Checkout.com integration'.
215560986593488	Hello, Could you please confirm whether EUR currency is currently configured for AMEX transactions on our account? If it is not yet configured, we would kindly request configuring EUR currency support	Account management and access	Other		Account management and access	Account changes	Account settings update	wrong	n/a	ambiguous_boundary	Contact requests enabling EUR currency for AMEX on the account, citing error 'eur_currency_not_configured'. Fin sees a transaction ID and error code, which overlaps with API Integration and Transaction Status, so it cannot decide between issue types and defaults to Other.	Add include_when to Account management and access → Account changes → Account settings update: 'requests to enable/disable currencies, card schemes (AMEX, Visa), or payment methods on a MID, even when accompanied by transaction IDs or configuration error codes (e.g. *_not_configured)'. Add disambiguation: 'configuration error codes like eur_currency_not_configured indicate account setup, not API logic — route to Account changes, not API integration'.
215560985511517	Bonjour Nous avons configurer Apple Pay pour Frames via BPLAY (il y a longtemps) Nous passons à Flow via une webview, mais nous n'arrivons pas à utiliser Apple Pay J'ai bien vu la page https://www.che	Technical issue	Other		Technical issue	Test environment	Sandbox issue	wrong	n/a	ambiguous_boundary	Contact mentions Apple Pay, Frames, Flow, and sandbox UAT domains. Fin sees multiple integration method signals plus sandbox, so it cannot pick a single issue type and falls back to Other. Note the human label 'Test environment / Sandbox issue' is debatable — Integration Methods → Apple Pay also fits.	Add disambiguation to Technical issue → Test environment: 'when contact mentions sandbox/UAT domains AND a specific integration method, prefer Test environment → Sandbox issue if the blocker is environment-specific; prefer Integration methods if the issue would occur in production too'. Add keywords to Test environment: 'sandbox, UAT, api-uat, test domain, sandbox domains'.
215560986026360	Hi Checkout Team, We observed some transactions where the fraud score exceeded 60% in a few cases reaching 100% yet those transactions were still processed. Can you check and advise why these were pro	Accepting payments	Other		Accepting payments	Fraud & risk controls	Risk rules	wrong	n/a	missing_coverage	Contact asks why high fraud-score transactions (60–100%) were still processed and who bears chargeback liability. Fin has no clear definition for fraud score or risk rule behaviour questions, so it routes to Accepting payments but cannot map to a specific issue type.	Add include_when to Accepting payments → Fraud & risk controls → Risk rules: 'questions about fraud score thresholds, why high-risk transactions were approved/declined, risk rule behaviour, or liability after risk scoring'. Add keywords: 'fraud score, risk score, risk rules, liability, chargeback liability'.
215560988464672	Hi Team, I want to confirm that mobile payments (apple pay + gpay) are enabled for our KSA MIDs: Ripples, Golden and AWJ Silver/Mara East Thanks, Anna **![-](https://support.checkout.com/attachments/t	Account management and access	Other		Account management and access	Account changes	Account settings update	wrong	n/a	missing_coverage	Contact asks to confirm Apple Pay and Google Pay are enabled on specific KSA MIDs. Fin sees 'Apple Pay / Google Pay' and treats it as Integration Methods, but the request is an account configuration confirmation, so it falls back to Other.	Add include_when to Account management and access → Account changes → Account settings update: 'requests to confirm, enable, or disable payment methods (Apple Pay, Google Pay, Tabby, Tamara, AMEX) on specific MIDs'. Add disambiguation: 'enable/disable/confirm payment method on MID = Account changes, NOT Integration methods. Integration methods covers technical implementation issues only.'
215560987995737	Hi Team, It's not stuck on our side as I am editing the director per request via the CKO dashboard. The new info is not being saved via the CKO portal. How should I proceed? I am marking with " V" the	Technical issue	Other		Technical issue	Integration methods	Other	wrong	n/a	wrong_scope	Contact describes a Dashboard UI bug where director information is not saved. Fin correctly identifies Technical issue but no issue type fits cleanly — Integration Methods covers Flow/Frames/SDK/plugins, not Dashboard UI bugs. The human label 'Integration methods' is itself questionable; this is closer to Login & Access → Dashboard Error.	Add include_when to Account management and access → Login & access → Dashboard Error: 'Dashboard UI bugs including save failures, missing data, or workflow errors in the merchant dashboard (e.g. KYC director edits not saving)'. Add exclude_when to Technical issue → Integration methods: 'Dashboard UI bugs unrelated to checkout flow integration — route to Login & access → Dashboard Error'. Flag this contact's human label for review.
215560985466820	Bonjour, nous avons rencontré un cas sur le casino BÉNODET. Une cliente a effectué 5 Payin de 25 euros via apple pay en date du 02/05/2025, qui ont été pris en compte, Cependant la cliente indique que	Accepting payments	Other		Accepting payments	Transaction status (non 3DS & refunds)	Proof of payment (ARN, RNN, bulk)	wrong	n/a	missing_coverage	Contact reports a cardholder claims 2 Apple Pay payments were debited but Checkout shows no record. Fin sees Apple Pay and payment confusion but has no clear definition mapping this to Transaction Status → Proof of payment.	Add include_when to Accepting payments → Transaction status → Proof of payment (ARN, RNN, bulk): 'cardholder claims funds debited but transaction is missing from Checkout records, or merchant needs ARN/RNN to trace payments visible only on bank statement'. Add keywords: 'debited, missing transaction, not found, ARN, banking proof, cardholder bank statement'.
215560988582896	Hello Team, I would like to request a report of all **sub entities balances (UK and Luxemburg)** as of today (May 18). Thank you in advance, Best, Marcela Pildus Bento Payments Operation Manager guest	Data and analytics	Other		Data and analytics	Reporting	Custom report request	wrong	n/a	missing_coverage	Contact requests a custom balance report across multiple sub-entities (UK and Luxembourg). Fin identifies Data and analytics but has no specific definition mapping ad-hoc multi-entity balance/data requests to Reporting → Custom report request.	Add include_when to Data and analytics → Reporting → Custom report request: 'ad-hoc data extracts not available in standard dashboard reports, including multi-entity rollups, point-in-time balance snapshots, or bespoke aggregations'. Add keywords: 'request a report of, sub entities, as of today, point-in-time, custom extract, ad-hoc report'.
215560987878332	Hey team, we have a request from an Italian merchant who needs our online payment/POS details for local tax compliance (Agenzia delle Entrate). They specifically need the ID AQUIRER to link our servic	Accepting payments	Other		General	Inquiries	Other	wrong	n/a	missing_coverage	Contact asks for the acquirer ID for Italian tax compliance (Agenzia delle Entrate). Fin sees 'payment' and 'POS' and routes to Accepting payments, but this is a general info inquiry with no transaction context, so no issue type fits.	Add include_when to General → Inquiries: 'requests for static reference information (acquirer ID, BIN, scheme identifiers, regulatory IDs) for tax, compliance, or registration purposes'. Add exclude_when to Accepting payments → Performance: 'requests for static configuration info (acquirer ID, MID identifiers) — route to General → Inquiries'.
215560988613702	Bonjour C la vidéo en PJ : je ne peux pas télécharger le transaction breakdown sur https://dashboard.checkout.com/funds/settlements/pay_iumdppmwfy6vhcgp75xl7f3amq Cela indique bien "Donwload started",	Technical issue	Other		Funds and fees	Settlements	Other	wrong	n/a	ambiguous_boundary	Contact describes a 404 error downloading a settlement transaction breakdown from the dashboard. Fin sees '404 console error' and routes to Technical issue, missing that the underlying domain is Settlements. No definition links dashboard download failures of settlement files to Funds and fees → Settlements.	Add disambiguation to Funds and fees → Settlements: 'dashboard errors (404, download failure) when accessing settlement reports, transaction breakdowns, or reconciliation files belong here, not Technical issue'. Add include_when: 'failures downloading settlement transaction breakdown or reconciliation files from dashboard'.
215560986615819	##- Please type your reply above this line -## For tracking purposes, your inquiry has been assigned the following case number: 1429505. **Michael McGrath** (Inpay Support) May 15, 2026, 13:23 GMT+2 H	Payouts	Other		Payouts	Bank payouts	Bank payout stuck in pending or status inquiry	wrong	n/a	missing_coverage	Contact is a terse status-update request with only a payout ID (pay_*). Fin correctly identifies Payouts but has no rule that 'status update + pay_ID' with no further detail defaults to Bank Payouts → stuck in pending/status inquiry.	Add include_when to Payouts → Bank payouts → Bank payout stuck in pending or status inquiry: 'short status-update requests citing a payout ID (pay_*) with no failure detail; default to bank payout unless card payout is explicitly mentioned'. Add disambiguation rule: 'when payout type is ambiguous, default to Bank payouts (higher volume) rather than Other'.
215560985946699	________________________________________________________________________________ Microsoft Teams meeting Join: https://teams.microsoft.com/meet/373044261360881?p=Xjs6JUqyeP291wSu2I Meeting ID: 373 044		Other		General	Inquiries	Spam / duplicate / no action / follow ups	unclassified	n/a	missing_coverage	Contact is a Microsoft Teams meeting invite with no payment or support content. Fin has no definition for non-actionable content (meeting links, signatures, calendar invites, spam) and produces no case type at all, falling through to Other.	Add include_when to General → Inquiries → Spam / duplicate / no action / follow ups: 'meeting invites (Microsoft Teams, Zoom, Google Meet), calendar links, out-of-office replies, signature-only content, or any contact with no support request or transaction context'. Add keywords: 'Teams meeting, Join the meeting, Meeting ID, Passcode, calendar invite'.
215560986420189	Hi Support, We recently migrated to a new checkout flow for Singapore entity . When entering Amex cards, an error stating "Amex not supported" appears during payment. ![image.png](https://support.chec	Account management and access	Other		Account management and access	Account changes	Account settings update	wrong	n/a	missing_coverage	Contact reports 'Amex not supported' error on a Singapore entity after a checkout migration and asks to enable AMEX. Fin sees migration + integration + error and cannot decide between Integration methods and Account changes, falling back to Other.	Add include_when to Account management and access → Account changes → Account settings update: 'requests to enable card schemes (AMEX, Diners, JCB) on a MID, even when surfaced as a checkout error like *_not_supported'. Add disambiguation: 'scheme/currency *_not_supported errors = Account changes, not API integration or Integration methods'.
215560986408133	Hi team! Customer has contacted us and said that he has not received any money from payment pay_jnzoysqbasxypbhyfmaxie6soq. Has the payments bounced back to you or what could be wrong? Erica Ekholm Op	Payouts	Other		Payouts	Card payouts	Declined / failed card payout	wrong	n/a	ambiguous_boundary	Contact says customer has not received money from a payout (pay_*) and asks if it bounced back. Fin identifies Payouts but cannot decide between Bank payouts and Card payouts because the rail is not specified.	Add disambiguation to Payouts: 'when the payout rail (bank vs card) is not specified but the issue is non-receipt of funds, default to Card payouts → Declined / failed card payout if the contact mentions customer/end-consumer (B2C disbursement); use Bank payouts for merchant-to-bank or business contexts'. Add include_when to Card payouts → Declined / failed card payout: 'customer/cardholder reports not receiving money from a payout ID'.
215560987455748	Dear, We are not consistently receiving the cardholder name after successful checkout transactions. In some transactions, the cardholder name is received; in others it is missing. As this information	Accepting payments	Other		Technical issue	API integration	Other	wrong	n/a	missing_coverage	Contact reports cardholder name is inconsistently returned in API responses post-transaction. Fin classifies as Accepting payments because it mentions transactions, missing that the issue is missing/inconsistent API response data — an API integration issue.	Add include_when to Technical issue → API integration: 'missing, inconsistent, or null fields in API responses (cardholder name, BIN, scheme, metadata) after successful transactions'. Add exclude_when to Accepting payments → Transaction status: 'questions about response payload contents (missing fields) — route to Technical issue → API integration'.
215560988518749	Hi @Ahmad Jabr, Thank you. Hi @Joelle Matar @Gilbert Hizon@Carla Doumit@Omar (tixity @Support@Joey Palomar Could you please confirm your availability for tomorrow at 3:00 PM Dubai time so I can share	Account management and access	Other		Non-merchant requests	Account changes	Account settings update	wrong	n/a	missing_coverage	Contact is a scheduling confirmation for a call about migrating a merchant from Cybersource/QNB to Checkout. Fin sees 'migrating', 'MID', 'production' and assumes Account management, but the contact is from a non-merchant third party (TPA/partner) scheduling a meeting, so no issue type fits.	Add include_when to Non-merchant requests → Third parties → TPA requests: 'third-party agents, partners, or referrers coordinating merchant migrations, scheduling meetings, or requesting MID setup on behalf of a prospective merchant'. Add disambiguation: 'if requester is a TPA/partner (not the merchant themselves) discussing onboarding or migration, route to Non-merchant requests, not Account management'.
215560986038749	Hi Checkout team, As discussed with Dr. Hammad, We want tabby and tamara to be enabled in checkout.com for Zahrat production environment Let us know if you need anything in this regard from our side.	Account management and access	Other		Account management and access	Account changes	Account settings update	wrong	n/a	missing_coverage	Contact asks to enable Tabby and Tamara in production for a specific entity. Fin sees BNPL product names and treats as Integration methods, missing that enabling a payment method on a MID is an account configuration change.	Add include_when to Account management and access → Account changes → Account settings update: 'requests to enable, disable, or activate APMs/BNPL methods (Tabby, Tamara, Klarna, SEPA, ACH) on production or specific entities'. Reinforce disambiguation: 'enabling a payment method = Account changes; integrating a payment method technically = Integration methods'.
215560988408447	Dear Checkout Team: Good day! Please check why there is an error when I fill the period to extract the report. See the screen shot below. ![](https://support.checkout.com/attachments/token/BvMBZgZKbm8	Data and analytics	Other		Data and analytics	Reporting	Report not generated / missing	wrong	n/a	missing_coverage	Contact reports an error when selecting a date period to extract a report. Fin classifies Data and analytics correctly at case level but has no clear definition linking 'report extraction error' to Reporting → Report not generated / missing.	Add include_when to Data and analytics → Reporting → Report not generated / missing: 'errors when generating, downloading, or extracting standard reports including date-range/period selection errors, timeouts, and empty outputs'. Add keywords: 'error when extracting, report not generated, period error, date range error, export failed'.
215560985909627	Hello Team, Happy start of the day! We are reaching out to seek clarification regarding recent payment declines with the response code “412020 – Decline BIN.” Historically, card or BIN blacklisting ha	Accepting payments	Other		Accepting payments	Fraud & risk controls	Trustlist & decline list	wrong	n/a	ambiguous_boundary	Contact asks why cards are being declined with response code 412020 'Decline BIN' despite not being on the merchant's decline list. Fin sees decline + BIN list but cannot decide between Risk rules and Trustlist & decline list, falling back to Other.	Add disambiguation to Accepting payments → Fraud & risk controls → Trustlist & decline list: 'response codes specifically referencing BIN/card list decisions (412020 Decline BIN, blacklist, blocklist) belong here, even when the merchant disputes the listing'. Add keywords: '412020, Decline BIN, BIN block, blacklist, decline list, blocklist'.
215560985986523	Hi Team, We have noticed that **Tabby and Google Pay** are currently enabled under checkout.com along with card payments and apple pay. Kindly disable **Tabby and Google Pay.** Screenshot attached for	Account management and access	Other		Account management and access	Account changes	Account settings update	wrong	n/a	missing_coverage	Contact asks to disable Tabby and Google Pay on the account. Fin recognises payment method names but treats them as integration topics rather than account configuration changes, so it falls back to Other at issue type.	Add include_when to Account management and access → Account changes → Account settings update: 'requests to disable, remove, or turn off payment methods (Tabby, Google Pay, Apple Pay, APMs) on a merchant account'. Add keywords: 'disable, turn off, remove payment method, deactivate APM'.
215560985283337	Public Dear Checkout Team, KNET has announced upcoming changes to their payment gateway effective **1st June 2026**, including **certificate validity changes**. Since our integration with KNET is thro	Accepting payments	Other		Accepting payments	Performance	Acceptance rate issue / optimisation	wrong	n/a	missing_coverage	Contact is about upcoming KNET payment gateway changes (certificate validity) and asks Checkout to confirm readiness. Fin sees a third-party scheme/processor notice and routes to Accepting payments, but no issue type covers 'scheme/processor change readiness confirmation', so it defaults to Other.	Add include_when to Accepting payments → Performance → Acceptance rate issue / optimisation: 'merchant inquiries about scheme/local-network changes (KNET, Mada, scheme mandates, certificate rotations) and Checkout's readiness to maintain acceptance'. Add keywords: 'KNET, scheme mandate, certificate validity, gateway changes, upcoming changes, mandate'.
215560985957214	Hi Checkout Support, We have received a formal Resolution of Claim letter from the cardholder's bank (Wells Fargo) regarding the following: Payment ID: **pay_dlpmbvabivfynnd53knvwu66ou**, (dispute PSP	Accepting payments	Other		Accepting payments	Disputes	Dispute status	wrong	n/a	ambiguous_boundary	Contact provides a bank's Resolution of Claim letter closing a chargeback in merchant's favour and asks to update dispute status. Fin sees 'dispute' but the term 'Disputes / Chargebacks' is not consistently in include_when for this scenario (claim closure / status update), so it falls back to Other.	Add include_when to Accepting payments → Disputes → Dispute status: 'inquiries to update or confirm dispute status including issuer/bank claim closure letters, provisional credit reversals, and dsp_* references'. Add keywords: 'Resolution of Claim, claim closed, provisional credit, dsp_, dispute closed, chargeback resolved'.
215560986494530	Good Day Team, Requesting for your assistance to confirm if the refund for Emma order: 0003-FP3EHL is successfully sent to the customer. We also request the copy of proof of refund that we may provide	Accepting payments	Other		Accepting payments	Refunds	Refund proof	wrong	n/a	ambiguous_boundary	Contact asks to confirm a refund was sent and requests proof of refund. Fin classifies Accepting payments correctly but cannot distinguish Refunds → Refund proof from Refund status enquiry, so it falls back to Other.	Add disambiguation to Accepting payments → Refunds → Refund proof: 'requests for refund confirmation accompanied by an explicit ask for a document/proof to share with the customer belong to Refund proof, not Refund status enquiry'. Add keywords: 'proof of refund, copy of refund, refund evidence, share with customer, ARN for refund'.