endpoint,field_name,field_location,field_type,required,description
POST /api/internal/users/{userId}/activate,userId,path,string,true,
POST /okta-event-hook,request body,body,OktaEventRequest,false,
GET /okta-event-hook,,,,,
POST /api/cat/clients/{clientId}/providers,clientId,path,string,true,
POST /api/cat/clients/{clientId}/providers,request body,body,UpsertClientProviderRequest,false,
GET /umt/clients/{clientId}/entities,clientId,path,string,true,
GET /api/supported-idps,,,,,
GET /api/clients/{clientId}/sso,clientId,path,string,true,
GET /api/clients/{clientId}/sso/status,clientId,path,string,true,
PUT /api/clients/{clientId}/sso/status,clientId,path,string,true,
PUT /api/clients/{clientId}/sso/status,request body,body,SetSsoStatusRequest,false,
POST /api/clients/{clientId}/sso/initiate,clientId,path,string,true,
POST /api/clients/{clientId}/sso/initiate,request body,body,SsoConfigurationInitiationRequest,false,
PATCH /api/clients/{clientId}/sso/idp-metadata,clientId,path,string,true,
PATCH /api/clients/{clientId}/sso/idp-metadata,request body,body,SetIdpMetadataRequest,false,
PUT /api/clients/{clientId}/sso/certificate,clientId,path,string,true,
PUT /api/clients/{clientId}/sso/certificate,Certificate,body,binary,true,File upload for certificate
GET /api/clients/{clientId}/sso/certificate,clientId,path,string,true,
PATCH /api/clients/{clientId}/sso/role-mapping,clientId,path,string,true,
PATCH /api/clients/{clientId}/sso/role-mapping,request body,body,UpdateClientRoleMappingRequest,false,
GET /api/clients/{clientId}/sso/entity-mapping-entities,clientId,path,string,true,
PATCH /api/clients/{clientId}/sso/entity-mapping,clientId,path,string,true,
PATCH /api/clients/{clientId}/sso/entity-mapping,request body,body,UpdateEntityMappingRequest,false,
PUT /api/clients/{clientId}/sso/entity-segments-mapping,clientId,path,string,true,
PUT /api/clients/{clientId}/sso/entity-segments-mapping,request body,body,UpdateEntitySegmentsMappingRequest,false,
PUT /api/clients/{clientId}/sso/test,clientId,path,string,true,
PUT /api/clients/{clientId}/sso/verified,clientId,path,string,true,
GET /api/clients/{clientId}/sso/routing/domain-verification-token,clientId,path,string,true,
PUT /api/clients/{clientId}/sso/routing/domains,clientId,path,string,true,
PUT /api/clients/{clientId}/sso/routing/domains,request body,body,UpdateSsoDomainRequest,false,
PUT /api/clients/{clientId}/sso/routing/domains/{domain}/verify,clientId,path,string,true,
PUT /api/clients/{clientId}/sso/routing/domains/{domain}/verify,domain,path,string,true,The domain to verify
PUT /api/clients/{clientId}/sso/routing/status,clientId,path,string,true,
PUT /api/clients/{clientId}/sso/routing/status,request body,body,SetSsoRoutingRuleStatusRequest,false,
PATCH /api/clients/{clientId}/sso/enforce-sso,clientId,path,string,true,
PATCH /api/clients/{clientId}/sso/enforce-sso,request body,body,EnforceSsoSignInRequest,false,
GET /umt/clients/{clientId}/custom-roles,clientId,path,string,true,
POST /umt/clients/{clientId}/custom-roles,clientId,path,string,true,
POST /umt/clients/{clientId}/custom-roles,request body,body,UpsertCustomRoleRequest,false,
GET /umt/custom-roles/{customRoleId},customRoleId,path,string,true,
PUT /umt/custom-roles/{customRoleId},customRoleId,path,string,true,
PUT /umt/custom-roles/{customRoleId},If-Match,header,string,false,
PUT /umt/custom-roles/{customRoleId},request body,body,UpsertCustomRoleRequest,false,
DELETE /umt/custom-roles/{customRoleId},customRoleId,path,string,true,
PUT /umt/custom-roles/{customRoleId}/replace-role/{replacementRoleId},customRoleId,path,string,true,
PUT /umt/custom-roles/{customRoleId}/replace-role/{replacementRoleId},replacementRoleId,path,string,true,
GET /fragments/{id},id,path,string,true,
GET /api/cat/users/{userId},userId,path,string,true,
GET /api/internal/users/{userId},userId,path,string,true,
GET /api/cat/users/{userId}/members,userId,path,string,true,
GET /api/internal/users/{userId}/members,userId,path,string,true,
GET /umt/users/self/mfa/authenticators,,,,,
GET /,,,,,
POST /api/internal/internal-users,request body,body,AddInternalUsersRequest,false,Request containing client id and list of emails
POST /mbc-inline-hook,request body,body,OktaInlineHookRequest,false,
POST /hub-admin-inline-hook,request body,body,OktaInlineHookRequest,false,
GET /umt/clients/{clientId}/members,clientId,path,string,true,
GET /umt/clients/{clientId}/members,q,query,string,false,
GET /umt/clients/{clientId}/members,reportTimeZone,query,string,false,
GET /umt/clients/{clientId}/members/users-manage,clientId,path,string,true,
PUT /umt/clients/{clientId}/members/owner,clientId,path,string,true,
PUT /umt/clients/{clientId}/members/owner,request body,body,PutOwnerRequest,false,
DELETE /umt/clients/{clientId}/members/{userId},clientId,path,string,true,
DELETE /umt/clients/{clientId}/members/{userId},userId,path,string,true,
POST /umt/clients/{clientId}/members/{userId}/mfa/reset,clientId,path,string,true,
POST /umt/clients/{clientId}/members/{userId}/mfa/reset,userId,path,string,true,
GET /api/cat/clients/{clientId}/members,clientId,path,string,true,
GET /api/cat/clients/{clientId}/members,roles,query,array,false,
GET /api/cat/clients/{clientId}/members,Skip,query,string,false,
GET /api/cat/clients/{clientId}/members,Limit,query,string,false,
GET /api/cat/clients/{clientId}/members,q,query,string,false,
GET /api/cat/clients/{clientId}/members,SortBy,query,string,false,
GET /api/cat/clients/{clientId}/members,SortOrder,query,OktaUserSortOrder,false,
POST /api/cat/clients/{clientId}/members,clientId,path,string,true,
POST /api/cat/clients/{clientId}/members,request body,body,CreateUserAndMemberRequest,false,
GET /api/internal/clients/{clientId}/members,clientId,path,string,true,
GET /api/internal/clients/{clientId}/members,roles,query,array,false,
GET /api/internal/clients/{clientId}/members,Skip,query,string,false,
GET /api/internal/clients/{clientId}/members,Limit,query,string,false,
GET /api/internal/clients/{clientId}/members,q,query,string,false,
GET /api/internal/clients/{clientId}/members,SortBy,query,string,false,
GET /api/internal/clients/{clientId}/members,SortOrder,query,OktaUserSortOrder,false,
POST /api/internal/clients/{clientId}/members,clientId,path,string,true,
POST /api/internal/clients/{clientId}/members,request body,body,CreateUserAndMemberRequest,false,
GET /api/cat/clients/{clientId}/members/{userId},clientId,path,string,true,
GET /api/cat/clients/{clientId}/members/{userId},userId,path,string,true,
PUT /api/cat/clients/{clientId}/members/{userId},clientId,path,string,true,
PUT /api/cat/clients/{clientId}/members/{userId},userId,path,string,true,
PUT /api/cat/clients/{clientId}/members/{userId},request body,body,PutMemberRequest,false,
DELETE /api/cat/clients/{clientId}/members/{userId},clientId,path,string,true,
DELETE /api/cat/clients/{clientId}/members/{userId},userId,path,string,true,
GET /api/internal/clients/{clientId}/members/{userId},clientId,path,string,true,
GET /api/internal/clients/{clientId}/members/{userId},userId,path,string,true,
PUT /api/internal/clients/{clientId}/members/{userId},clientId,path,string,true,
PUT /api/internal/clients/{clientId}/members/{userId},userId,path,string,true,
PUT /api/internal/clients/{clientId}/members/{userId},request body,body,PutMemberRequest,false,
DELETE /api/internal/clients/{clientId}/members/{userId},clientId,path,string,true,
DELETE /api/internal/clients/{clientId}/members/{userId},userId,path,string,true,
PUT /api/cat/clients/{clientId}/members/owner,clientId,path,string,true,
PUT /api/cat/clients/{clientId}/members/owner,request body,body,PutOwnerRequest,false,
PUT /api/internal/clients/{clientId}/members/owner,clientId,path,string,true,
PUT /api/internal/clients/{clientId}/members/owner,request body,body,PutOwnerRequest,false,
PUT /api/internal/users/migrate-okta-user-id,request body,body,MigrateOktaUserReferenceRequest,false,
POST /okta-inline-hook,request body,body,OktaInlineHookRequest,false,
GET /.well-known/client-roles,,,,,
GET /.well-known/custom-roles/permissions,,,,,
GET /.well-known/permission-groups,,,,,
GET /api/cat/clients/{clientId}/entities/{entityId}/segments/{segmentId},segmentId,path,string,true,
GET /api/cat/clients/{clientId}/entities/{entityId}/segments/{segmentId},clientId,path,string,true,
GET /api/cat/clients/{clientId}/entities/{entityId}/segments/{segmentId},entityId,path,string,true,
PUT /api/cat/clients/{clientId}/entities/{entityId}/segments/{segmentId},clientId,path,string,true,
PUT /api/cat/clients/{clientId}/entities/{entityId}/segments/{segmentId},entityId,path,string,true,
PUT /api/cat/clients/{clientId}/entities/{entityId}/segments/{segmentId},segmentId,path,string,true,
PUT /api/cat/clients/{clientId}/entities/{entityId}/segments/{segmentId},request body,body,PutSegmentRequest,false,
DELETE /api/cat/clients/{clientId}/entities/{entityId}/segments/{segmentId},segmentId,path,string,true,
DELETE /api/cat/clients/{clientId}/entities/{entityId}/segments/{segmentId},clientId,path,string,true,
DELETE /api/cat/clients/{clientId}/entities/{entityId}/segments/{segmentId},entityId,path,string,true,
GET /api/migration/sso-service-init/mismatches,pageLimit,query,integer,false,
GET /api/migration/sso-service-init/mismatches,pageIndex,query,integer,false,
POST /api/migration/sso-service-init/fix,request body,body,SsoMigrationMismatch,false,
POST /api/mfa/enrollment/enforce,request body,body,MfaEnforcementRequest,false,
POST /api/mfa/enrollment/revert,request body,body,MfaEnforcementRequest,false,
GET /api/mfa/enrollment/progress,clientId,query,string,false,
POST /umt/users/mfa/update-enrollment-hook,request body,body,OktaEventRequest,false,
GET /umt/users/mfa/update-enrollment-hook,,,,,
GET /api/user-entitlements,entity_scope,query,string,false,
GET /api/user-entitlements,email,query,string,false,
DELETE /api/user-entitlements,request body,body,DeleteUserEntitlements,false,
POST /api/user-entitlements/bulk,request body,body,CreateUserEntitlements,false,Array of user entitlements
PUT /api/user-onboarding/clients/{clientId}/entities/{entityId}/appliers,clientId,path,string,true,
PUT /api/user-onboarding/clients/{clientId}/entities/{entityId}/appliers,entityId,path,string,true,
PUT /api/user-onboarding/clients/{clientId}/entities/{entityId}/appliers,request body,body,UpsertOnboardingUserRequest,false,
PUT /api/user-onboarding/clients/{clientId}/entities/{entityId}/owner,clientId,path,string,true,
PUT /api/user-onboarding/clients/{clientId}/entities/{entityId}/owner,entityId,path,string,true,
PUT /api/user-onboarding/clients/{clientId}/entities/{entityId}/owner,request body,body,UpsertOnboardingUserRequest,false,
PUT /api/user-onboarding/sub-entities/{subentityId}/appliers,subentityId,path,string,true,
PUT /api/user-onboarding/sub-entities/{subentityId}/appliers,request body,body,UpsertOnboardingUserRequest,false,
GET /umt/users/self,,,,,
PUT /umt/users/{userId},userId,path,string,true,
PUT /umt/users/{userId},request body,body,UpdateUserRequest,false,
PUT /umt/users/{userId}/password,userId,path,string,true,
PUT /umt/users/{userId}/password,request body,body,ChangePasswordRequest,false,
POST /umt/users/{userId}/activate,userId,path,string,true,
POST /umt/users/{userId}/unlock,userId,path,string,true,
POST /umt/users/{userId}/suspend,userId,path,string,true,
POST /umt/users/{userId}/unsuspend,userId,path,string,true,
